Key	Value
program_title	European Union and Global Affairs Study Abroad Program
program_term	Summer 2027
hero_line_1	Europe is
hero_line_2	your classroom
intro_sentence_1	takes you to the cities and institutions shaping Europe and the world.
intro_sentence_2	Study global affairs where they happen in
credentials_heading	Make the summer count
certificate_title	Earn a Certificate in European Studies
certificate_detail	with the program's four courses
minor_title	Complete the International Affairs minor
minor_detail	with the program plus one additional course
courses_heading	Four courses in global affairs
website_display	inta.gatech.edu/euga
website_url	https://inta.gatech.edu/euga
